Time, Radius, MaxSpeed, ActualSpeed
15.306703209877,27.013072,
17.1323974877596,27.013072,
17.2217575088143,27.013072,
18.176011480391,27.013072,
22.3404420092702,27.013072,
48.0325970724225,26.9176283069913,
48.875560708344,27.013072,
76.986286111176,18.7058685802042,
97.8365587666631,27.013072,