Time, Radius, MaxSpeed, ActualSpeed
13.77704,33.81434,
41.78848,21.10959,
66.88166,33.81434,
83.91595,21.25778,
97.81668,33.81434,
108.854,21.06738,
130.3722,33.81434,