Time, Radius, MaxSpeed, ActualSpeed
13.77665,33.81434,
41.78424,22.57793,
66.87467,33.81434,
84.46754,21.25778,
98.47221,33.81434,
109.3319,21.06738,
130.3612,33.81434,