{"position_array":[{"x":231.0,"y":3.0,"z":83.0},{"x":231.0,"y":2.9960837364196779,"z":83.0}],"rotation_array":[{"x":0.0,"y":0.0,"z":0.0},{"x":0.0,"y":0.0,"z":0.0}],"time_array":[0.0,0.019999999552965165],"file_name":"Traj5_14_42PM.json","json_string":""}