{"position_array":[{"x":220.0,"y":3.000915050506592,"z":205.0},{"x":220.0,"y":2.9969987869262697,"z":205.0}],"rotation_array":[{"x":0.0,"y":0.0,"z":0.0},{"x":0.0,"y":0.0,"z":0.0}],"time_array":[0.0,0.019999999552965165],"file_name":"Traj1_44_01PM.json","json_string":""}